IQA,Preserved,Count,Num_Pre
0.21,0.8888888888888888,27,24
0.22,1.0,22,22
0.26,0.8888888888888888,18,16
0.28,0.8461538461538461,13,11
0.31,1.0,18,18
0.32,1.0,18,18
0.33,1.0,18,18
0.36,1.0,18,18
0.38,1.0,22,22
0.4,1.0,27,27
0.41,1.0,13,13
0.42,0.9545454545454546,22,21
0.43,0.8636363636363636,22,19
0.44,1.0,13,13
0.45,1.0,18,18
0.46,0.9230769230769231,13,12
0.47,0.975,40,39
0.48,1.0,13,13
0.49,1.0,18,18
0.5,0.967741935483871,31,30
0.53,0.9629629629629629,27,26
0.54,0.9722222222222222,36,35
0.55,0.8333333333333334,18,15
0.56,0.8461538461538461,13,11
0.57,0.8888888888888888,18,16
0.58,0.8333333333333334,18,15
0.59,1.0,22,22
0.6,1.0,36,36
0.61,0.9032258064516129,31,28
0.62,0.75,36,27
0.63,0.8333333333333334,18,15
0.64,1.0,49,49
0.65,0.9722222222222222,36,35
0.66,1.0,54,54
0.67,1.0,22,22
0.68,0.9795918367346939,49,48
0.69,0.925,40,37
0.7,1.0,54,54
0.71,1.0,31,31
0.72,0.9827586206896551,58,57
0.73,0.8,30,24
0.74,0.9333333333333333,45,42
0.75,0.9523809523809523,63,60
0.76,0.9333333333333333,45,42
0.77,0.9444444444444444,36,34
0.78,0.8765432098765432,81,71
0.79,0.9523809523809523,63,60
0.8,0.8333333333333334,30,25
0.81,0.9183673469387755,49,45
0.82,1.0,45,45
0.83,0.9795918367346939,49,48
0.84,0.9777777777777777,45,44
0.85,1.0,27,27
0.86,0.9506172839506173,81,77
0.87,0.9473684210526315,76,72
0.88,0.8333333333333334,90,75
0.89,1.0,18,18
0.9,0.7037037037037037,54,38
0.91,0.8571428571428571,63,54
0.92,0.7777777777777778,63,49
0.93,0.5555555555555556,81,45
0.94,0.7333333333333333,45,33
0.95,0.6666666666666666,45,30
0.96,0.7755102040816326,49,38
0.97,0.5909090909090909,44,26
0.98,0.7313432835820896,67,49
0.99,0.46938775510204084,49,23
