IQA,Accuracy,Count,Num_Accs
0.01,0.9696969696969697,33,32
0.02,0.9722222222222222,36,35
0.03,0.9761904761904762,42,41
0.04,0.9629629629629629,27,26
0.05,1.0,24,24
0.06,0.9523809523809523,21,20
0.08,1.0,30,30
0.09,0.9166666666666666,24,22
0.1,1.0,15,15
0.11,0.9523809523809523,21,20
0.12,1.0,12,12
0.13,0.9333333333333333,15,14
0.14,1.0,15,15
0.15,1.0,18,18
0.18,1.0,33,33
0.2,1.0,12,12
0.21,1.0,18,18
0.22,1.0,36,36
0.23,1.0,12,12
0.26,0.9444444444444444,36,34
0.27,0.9629629629629629,27,26
0.28,1.0,15,15
0.29,1.0,15,15
0.3,1.0,30,30
0.31,0.9259259259259259,27,25
0.32,1.0,21,21
0.33,1.0,12,12
0.34,1.0,18,18
0.35,1.0,15,15
0.36,0.9,30,27
0.37,1.0,18,18
0.38,1.0,18,18
0.4,1.0,15,15
0.42,1.0,21,21
0.43,0.9047619047619048,21,19
0.44,0.9696969696969697,33,32
0.45,1.0,15,15
0.46,1.0,18,18
0.47,1.0,18,18
0.48,1.0,12,12
0.49,1.0,18,18
0.5,0.9629629629629629,27,26
0.51,1.0,27,27
0.52,1.0,15,15
0.53,1.0,15,15
0.54,1.0,12,12
0.55,1.0,42,42
0.56,1.0,12,12
0.57,1.0,18,18
0.58,1.0,15,15
0.59,1.0,39,39
0.6,0.9444444444444444,18,17
0.61,1.0,42,42
0.63,0.9444444444444444,18,17
0.64,0.9523809523809523,21,20
0.65,0.9743589743589743,39,38
0.66,0.9122807017543859,57,52
0.67,0.9814814814814815,54,53
0.68,1.0,18,18
0.69,1.0,30,30
0.7,0.9523809523809523,42,40
0.71,1.0,54,54
0.72,0.9666666666666667,60,58
0.73,1.0,15,15
0.74,1.0,39,39
0.75,0.9814814814814815,54,53
0.76,0.9487179487179487,39,37
0.77,0.9861111111111112,72,71
0.78,0.9506172839506173,81,77
0.79,0.9333333333333333,15,14
0.8,0.9,60,54
0.81,0.9523809523809523,42,40
0.82,0.9,30,27
0.83,0.9666666666666667,30,29
0.84,1.0,30,30
0.85,0.9259259259259259,54,50
0.86,0.8985507246376812,69,62
0.87,0.873015873015873,63,55
0.88,0.8833333333333333,60,53
0.89,0.9473684210526315,57,54
0.9,0.9607843137254902,51,49
0.91,0.9166666666666666,84,77
0.92,0.8666666666666667,15,13
0.93,0.8809523809523809,42,37
0.95,0.9333333333333333,15,14
