IQA,Accuracy,Count,Num_Accs
0.01,1.0,42,42
0.02,0.9583333333333334,96,92
0.03,0.9479166666666666,96,91
0.04,1.0,44,44
0.05,1.0,36,36
0.06,0.9866666666666667,75,74
0.07,0.9761904761904762,42,41
0.08,1.0,30,30
0.09,1.0,27,27
0.1,0.9666666666666667,30,29
0.11,1.0,27,27
0.12,1.0,27,27
0.13,1.0,15,15
0.14,0.9814814814814815,54,53
0.15,1.0,39,39
0.16,0.9824561403508771,57,56
0.17,1.0,57,57
0.18,1.0,18,18
0.19,1.0,18,18
0.2,0.9333333333333333,30,28
0.21,1.0,42,42
0.22,0.9696969696969697,66,64
0.23,0.95,20,19
0.24,1.0,15,15
0.25,1.0,21,21
0.26,1.0,18,18
0.27,0.9871794871794872,78,77
0.28,1.0,15,15
0.29,1.0,51,51
0.3,0.9206349206349206,63,58
0.31,1.0,39,39
0.32,0.8985507246376812,69,62
0.33,0.9841269841269841,63,62
0.34,1.0,33,33
0.35,1.0,45,45
0.36,0.9629629629629629,27,26
0.37,1.0,30,30
0.38,1.0,66,66
0.39,0.9791666666666666,48,47
0.4,0.9761904761904762,42,41
0.41,0.9722222222222222,36,35
0.42,1.0,30,30
0.43,1.0,12,12
0.44,1.0,27,27
0.45,0.95,60,57
0.46,1.0,30,30
0.47,0.9583333333333334,24,23
0.48,1.0,18,18
0.49,1.0,21,21
0.5,1.0,18,18
0.51,0.9629629629629629,27,26
0.52,0.9583333333333334,24,23
0.53,0.9523809523809523,21,20
0.54,1.0,15,15
0.55,1.0,12,12
0.56,1.0,21,21
0.57,0.9259259259259259,27,25
0.58,1.0,24,24
0.59,0.875,24,21
0.63,1.0,12,12
0.66,1.0,12,12
0.67,1.0,15,15
0.69,1.0,27,27
0.7,1.0,24,24
0.71,1.0,12,12
0.72,1.0,21,21
0.73,1.0,12,12
0.74,1.0,21,21
0.75,0.9583333333333334,24,23
0.76,1.0,24,24
0.82,1.0,15,15
0.83,1.0,21,21
0.84,1.0,12,12
0.86,1.0,15,15
0.87,1.0,30,30
0.88,0.972027972027972,143,139
0.89,0.9214285714285714,140,129
0.9,0.9705882352941176,136,132
0.91,0.968,125,121
0.92,0.8817204301075269,93,82
0.93,0.9818181818181818,55,54
0.94,0.9285714285714286,56,52
0.95,0.9583333333333334,24,23
