IQA,Accuracy,Count,Num_Accs
0.02,0.9444444444444444,18,17
0.03,1.0,12,12
0.04,0.9444444444444444,18,17
0.25,1.0,15,15
0.28,0.9333333333333333,15,14
0.37,1.0,12,12
0.39,1.0,15,15
0.43,0.9259259259259259,27,25
0.5,0.9333333333333333,15,14
0.51,0.9166666666666666,12,11
0.52,0.9523809523809523,21,20
0.53,1.0,21,21
0.54,1.0,12,12
0.55,1.0,18,18
0.56,0.9,30,27
0.57,1.0,27,27
0.61,1.0,33,33
0.62,1.0,42,42
0.65,1.0,27,27
0.66,0.9,30,27
0.67,1.0,42,42
0.68,1.0,18,18
0.69,0.9583333333333334,48,46
0.7,0.9761904761904762,42,41
0.71,1.0,27,27
0.72,0.9487179487179487,39,37
0.73,1.0,42,42
0.74,1.0,27,27
0.75,0.9,30,27
0.76,1.0,18,18
0.77,1.0,30,30
0.78,1.0,65,65
0.79,1.0,51,51
0.8,0.9021739130434783,92,83
0.81,0.9629629629629629,54,52
0.82,0.9777777777777777,45,44
0.83,0.9479166666666666,96,91
0.84,0.9583333333333334,96,92
0.85,1.0,69,69
0.86,0.9666666666666667,120,116
0.87,0.9743589743589743,117,114
0.88,0.9819819819819819,111,109
0.89,0.9707602339181286,171,166
0.9,0.9402985074626866,201,189
0.91,0.9615384615384616,156,150
0.92,0.9285714285714286,126,117
0.93,0.9777777777777777,90,88
0.94,1.0,21,21
0.95,0.8762446657183499,703,616
0.96,0.8646080760095012,421,364
0.97,0.8961038961038961,154,138
